timestamp,open,high,low,close,volume,date,signal,daily_return,strategy_return,fee,cumulative_market_returns,cumulative_strategy_returns,cumulative_fee,revenueRate
2023-05-05 16:00:00,0.0039485,0.0044583,0.0029441,0.0033442,198236121708.0,2023-05-05,0,,,0.0,,,0.0,
2023-05-05 20:00:00,0.0033461,0.00383,0.00313,0.0037211,107310619525.0,2023-05-05,0,0.11270258955804091,0.0,0.0,1.112702589558041,0.0,0.0,0.0
2023-05-06 00:00:00,0.0037212,0.0038333,0.0029291,0.0030321,112057009215.0,2023-05-06,0,-0.18516030206121858,-0.0,0.0,0.906674241971174,0.0,0.0,0.0
2023-05-06 04:00:00,0.0030333,0.0032889,0.0025794,0.0027573,133794577455.0,2023-05-06,0,-0.090630256258039,-0.0,0.0,0.8245021230787632,0.0,0.0,0.0
2023-05-06 08:00:00,0.0027552,0.0031639,0.0027275,0.0030846,109600220744.0,2023-05-06,0,0.11870307909911881,0.0,0.0,0.922373063811973,0.0,0.0,0.0
2023-05-06 12:00:00,0.0030832,0.0031071,0.00273,0.0029296,116025094085.0,2023-05-06,0,-0.05024962718018533,-0.0,0.0,0.8760241612343761,0.0,0.0,0.0
2023-05-06 16:00:00,0.0029295,0.0030684,0.0024468,0.0025779,115653173445.0,2023-05-06,0,-0.12005051884216278,-0.0,0.0,0.7708570061599188,0.0,0.0,0.0
2023-05-06 20:00:00,0.0025776,0.002676,0.0022908,0.00262,120325237344.0,2023-05-06,0,0.01633112223127342,0.0,0.0,0.7834459661503499,0.0,0.0,0.0
2023-05-07 00:00:00,0.0026197,0.0026899,0.0024348,0.002599,73681164205.0,2023-05-07,0,-0.008015267175572438,-0.0,0.0,0.7771664374140304,0.0,0.0,0.0
2023-05-07 04:00:00,0.002599,0.00266,0.0024101,0.0026327,67363323611.0,2023-05-07,0,0.012966525586764144,0.0,0.0,0.7872435859099337,0.0,0.0,0.0
2023-05-07 08:00:00,0.0026328,0.002868,0.0025104,0.0027692,89302490099.0,2023-05-07,0,0.051847912789151795,0.0,0.0,0.828060522696011,0.0,0.0,0.0
2023-05-07 12:00:00,0.0027689,0.0030898,0.0027181,0.0028171,126573629543.0,2023-05-07,0,0.01729741441571564,0.0,0.0,0.842383828718378,0.0,0.0,0.0
2023-05-07 16:00:00,0.002817,0.0029161,0.00266,0.002822,91887791952.0,2023-05-07,0,0.001739377373895179,0.0,0.0,0.843849052090186,0.0,0.0,0.0
2023-05-07 20:00:00,0.0028219,0.0029056,0.0026916,0.0027902,59848668118.0,2023-05-07,0,-0.011268603827072954,-0.0,0.0,0.8343400514323307,0.0,0.0,0.0
2023-05-08 00:00:00,0.0027901,0.0028049,0.0024467,0.0025448,78860144193.0,2023-05-08,0,-0.08795068453874277,-0.0,0.0,0.7609592727707674,0.0,0.0,0.0
2023-05-08 04:00:00,0.0025448,0.00256,0.0022242,0.0023053,86527323888.0,2023-05-08,0,-0.0941134863250549,-0.0,0.0,0.689342742658932,0.0,0.0,0.0
2023-05-08 08:00:00,0.0023054,0.0023888,0.002135,0.0022944,120608495097.0,2023-05-08,0,-0.004728234936884679,-0.0,0.0,0.6860833682196041,0.0,0.0,0.0
2023-05-08 12:00:00,0.0022944,0.00232,0.002023,0.0021238,184866219276.0,2023-05-08,0,-0.07435495118549507,-0.0,0.0,0.6350696728664554,0.0,0.0,0.0
2023-05-08 16:00:00,0.0021238,0.002177,0.0015351,0.0017255,413352550876.0,2023-05-08,0,-0.18754119973632166,-0.0,0.0,0.5159679445009271,0.0,0.0,0.0
2023-05-08 20:00:00,0.0017255,0.0020561,0.001714,0.0019464,193786239040.0,2023-05-08,1,0.12802086351782083,0.0,0.0,0.5820226063034508,0.0,0.0,0.0
2023-05-09 00:00:00,0.0019462,0.0019571,0.0017687,0.0018626,116682626111.0,2023-05-09,1,-0.04305384299219073,-0.04305384299219073,0.0,0.5569642963937564,-0.04305384299219073,0.0,-0.04305384299219073
2023-05-09 04:00:00,0.0018625,0.0020671,0.0017691,0.002038,130859841485.0,2023-05-09,1,0.09416944056694931,0.09416944056694931,0.0,0.609413312600921,0.05111559757475859,0.0,0.05111559757475859
2023-05-09 08:00:00,0.0020387,0.0021,0.0018672,0.0020648,156655812181.0,2023-05-09,1,0.013150147203140339,0.013150147203140339,0.0,0.6174271873691765,0.06426574477789893,0.0,0.06426574477789893
2023-05-09 12:00:00,0.0020647,0.002135,0.0017886,0.0018467,194973326985.0,2023-05-09,1,-0.10562766369624177,-0.10562766369624177,0.0,0.5522097960648287,-0.041361918918342844,0.0,-0.041361918918342844
2023-05-09 16:00:00,0.0018467,0.0019785,0.00174,0.0019621,153409051361.0,2023-05-09,1,0.062489846753668754,0.062489846753668754,0.0,0.5867173015967945,0.02112792783532591,0.0,0.02112792783532591
2023-05-09 20:00:00,0.001962,0.002055,0.001927,0.0020063,104737866217.0,2023-05-09,1,0.022526884460526864,0.022526884460526864,0.0,0.5999342144608576,0.043654812295852774,0.0,0.043654812295852774
2023-05-10 00:00:00,0.0020065,0.0021339,0.001956,0.0020176,88389377070.0,2023-05-10,1,0.005632258386083944,0.005632258386083944,0.0,0.6033131989713535,0.04928707068193672,0.0,0.04928707068193672
2023-05-10 04:00:00,0.0020179,0.0020278,0.0018699,0.0019307,89399492386.0,2023-05-10,1,-0.0430709754163362,-0.0430709754163362,0.0,0.5773279110101072,0.006216095265600519,0.0,0.006216095265600519
2023-05-10 08:00:00,0.0019305,0.0019628,0.0018713,0.0019376,79992497499.0,2023-05-10,1,0.003573833324700848,0.003573833324700848,0.0,0.579391184737755,0.009789928590301367,0.0,0.009789928590301367
2023-05-10 12:00:00,0.0019377,0.0020339,0.0018172,0.0018796,174441346206.0,2023-05-10,1,-0.02993393889347651,-0.02993393889347651,0.0,0.562047724418396,-0.02014401030317514,0.0,-0.02014401030317514
2023-05-10 16:00:00,0.0018795,0.0019399,0.0017095,0.0018357,115477140947.0,2023-05-10,1,-0.02335603319855284,-0.02335603319855284,0.0,0.5489205191077089,-0.04350004350172798,0.0,-0.04350004350172798
2023-05-10 20:00:00,0.0018357,0.0019801,0.0018214,0.0019195,71773303990.0,2023-05-10,1,0.04565016070163974,0.04565016070163974,0.0,0.5739788290174033,0.0021501171999117608,0.0,0.0021501171999117608
2023-05-11 00:00:00,0.0019195,0.00194,0.0018004,0.0018074,58335712188.0,2023-05-11,1,-0.058400625162802755,-0.058400625162802755,0.0,0.5404581065725734,-0.056250507962890994,0.0,-0.056250507962890994
2023-05-11 04:00:00,0.0018073,0.001825,0.0016505,0.001696,111187256651.0,2023-05-11,1,-0.06163549850614136,-0.06163549850614136,0.0,0.5071467017522876,-0.11788600646903236,0.0,-0.11788600646903236
2023-05-11 08:00:00,0.0016961,0.0016966,0.001561,0.0016229,163544373228.0,2023-05-11,1,-0.043101415094339623,-0.043101415094339623,0.0,0.485287961246337,-0.16098742156337198,0.0,-0.16098742156337198
2023-05-11 12:00:00,0.0016228,0.0016693,0.0015256,0.0015775,241394079726.0,2023-05-11,1,-0.02797461334647855,-0.02797461334647855,0.0,0.47171221816876985,-0.18896203490985053,0.0,-0.18896203490985053
2023-05-11 16:00:00,0.0015773,0.0016221,0.00125,0.0013226,376910581679.0,2023-05-11,1,-0.1615847860538827,-0.1615847860538827,0.0,0.3954907003169667,-0.35054682096373324,0.0,-0.35054682096373324
2023-05-11 20:00:00,0.0013224,0.0014246,0.0013111,0.0013931,122884220618.0,2023-05-11,1,0.05330409798880997,0.05330409798880997,0.0,0.41657197536032536,-0.29724272297492327,0.0,-0.29724272297492327
2023-05-12 00:00:00,0.001393,0.0014089,0.0010839,0.0011559,272579541908.0,2023-05-12,1,-0.17026774818749546,-0.17026774818749546,0.0,0.3456432031577059,-0.46751047116241873,0.0,-0.46751047116241873
2023-05-12 04:00:00,0.0011559,0.001294,0.0010477,0.001234,439346009326.0,2023-05-12,1,0.06756639847737689,0.06756639847737689,0.0,0.3689970695532564,-0.39994407268504184,0.0,-0.39994407268504184
2023-05-12 08:00:00,0.0012341,0.00132,0.001181,0.0012763,290039516871.0,2023-05-12,1,0.03427876823338716,0.03427876823338716,0.0,0.38164583457927154,-0.3656653044516547,0.0,-0.3656653044516547
2023-05-12 12:00:00,0.0012764,0.00132,0.0011579,0.0011789,346069132611.0,2023-05-12,1,-0.07631434615685961,-0.07631434615685961,0.0,0.35252078224986544,-0.4419796506085143,0.0,-0.4419796506085143
2023-05-12 16:00:00,0.0011789,0.0014929,0.0011466,0.0014764,464148867122.0,2023-05-12,1,0.25235388921876334,0.25235388921876334,0.0,0.4414807726810598,-0.18962576138975096,0.0,-0.18962576138975096
2023-05-12 20:00:00,0.0014764,0.0019332,0.0014515,0.0017444,337347780224.0,2023-05-12,1,0.18152262259550245,0.18152262259550245,0.0,0.5216195203636146,-0.00810313879424851,0.0,-0.00810313879424851
2023-05-13 00:00:00,0.0017444,0.001772,0.001554,0.0016326,242310712596.0,2023-05-13,1,-0.06409080486127039,-0.06409080486127039,0.0,0.4881885054721607,-0.0721939436555189,0.0,-0.0721939436555189
2023-05-13 04:00:00,0.0016328,0.0016906,0.0015373,0.0016314,191818857320.0,2023-05-13,1,-0.0007350238882762872,-0.0007350238882762872,0.0,0.4878296752586568,-0.07292896754379519,0.0,-0.07292896754379519
2023-05-13 08:00:00,0.0016317,0.00203,0.001607,0.0019914,497405978843.0,2023-05-13,-1,0.2206693637366679,0.2194693637366679,0.0012,0.5954787393098498,0.1465403961928727,0.0012,0.1465403961928727
2023-05-13 12:00:00,0.0019914,0.0020899,0.001813,0.0019356,470647948569.0,2023-05-13,-1,-0.02802048809882496,0.02802048809882496,0.0,0.5787931343819149,0.17456088429169767,0.0012,0.17456088429169767
2023-05-13 16:00:00,0.0019356,0.00199,0.001705,0.0018984,396668016971.0,2023-05-13,-1,-0.019218846869187844,0.019218846869187844,0.0,0.5676693977632916,0.1937797311608855,0.0012,0.1937797311608855
2023-05-13 20:00:00,0.0018981,0.0019365,0.0018055,0.0018575,185322767462.0,2023-05-13,-1,-0.021544458491361107,0.021544458491361107,0.0,0.5554392679863644,0.21532418965224662,0.0012,0.21532418965224662
2023-05-14 00:00:00,0.0018571,0.00189,0.00174,0.0018494,175939377384.0,2023-05-14,-1,-0.0043606998654105444,0.0043606998654105444,0.0,0.5530171640452126,0.21968488951765716,0.0012,0.21968488951765716
2023-05-14 04:00:00,0.0018494,0.001951,0.0018377,0.0019202,156134341598.0,2023-05-14,-1,0.03828268627663034,-0.03828268627663034,0.0,0.5741881466419473,0.18140220324102682,0.0012,0.18140220324102682
2023-05-14 08:00:00,0.0019202,0.0019289,0.0017901,0.0018167,161806996783.0,2023-05-14,-1,-0.05390063535048428,0.05390063535048428,0.0,0.5432390407272293,0.2353028385915111,0.0012,0.2353028385915111
2023-05-14 12:00:00,0.0018167,0.0018488,0.00174,0.001811,215174652486.0,2023-05-14,-1,-0.0031375571090439536,0.0031375571090439536,0.0,0.5415345972130854,0.23844039570055506,0.0012,0.23844039570055506
2023-05-14 16:00:00,0.0018111,0.0019,0.0017468,0.0018167,192663835703.0,2023-05-14,-1,0.003147432357813562,-0.003147432357813562,0.0,0.5432390407272294,0.2352929633427415,0.0012,0.2352929633427415
2023-05-14 20:00:00,0.0018167,0.00183,0.001722,0.0017853,99639471543.0,2023-05-14,-1,-0.01728408653052238,0.01728408653052238,0.0,0.533849650140542,0.2525770498732639,0.0012,0.2525770498732639
2023-05-15 00:00:00,0.0017853,0.0017853,0.0016101,0.0017226,217236608301.0,2023-05-15,-1,-0.03512014787430695,0.03512014787430695,0.0,0.5151007714849591,0.28769719774757085,0.0012,0.28769719774757085
2023-05-15 04:00:00,0.0017226,0.0017639,0.0017059,0.0017308,109025112731.0,2023-05-15,-1,0.004760246139556612,-0.004760246139556612,0.0,0.5175527779439031,0.28293695160801424,0.0012,0.28293695160801424
2023-05-15 08:00:00,0.0017306,0.0017377,0.0016504,0.0016607,128052408106.0,2023-05-15,-1,-0.040501502195516514,0.040501502195516514,0.0,0.49659111297171243,0.32343845380353076,0.0012,0.32343845380353076
2023-05-15 12:00:00,0.0016606,0.0016818,0.0016049,0.0016435,190314881942.0,2023-05-15,1,-0.010357078340458847,0.009157078340458848,0.0012,0.49144787991148875,0.3325955321439896,0.0024,0.3325955321439896
2023-05-15 16:00:00,0.0016435,0.0017457,0.0016317,0.0016679,179367630815.0,2023-05-15,1,0.014846364466078565,0.014846364466078565,0.0,0.4987440942527363,0.3474418966100682,0.0024,0.3474418966100682
2023-05-15 20:00:00,0.0016679,0.0017656,0.0016436,0.0017318,131256544929.0,2023-05-15,1,0.0383116493794593,0.0383116493794593,0.0,0.5178518031218231,0.3857535459895275,0.0024,0.3857535459895275
2023-05-16 00:00:00,0.0017318,0.0018202,0.001713,0.0017233,176893392544.0,2023-05-16,1,-0.004908188012472503,-0.004908188012472503,0.0,0.5153100891095033,0.380845357977055,0.0024,0.380845357977055
2023-05-16 04:00:00,0.0017233,0.0017235,0.0016542,0.0016956,137426624443.0,2023-05-16,1,-0.016073811872570065,-0.016073811872570065,0.0,0.5070270916811198,0.3647715461044849,0.0024,0.3647715461044849
2023-05-16 08:00:00,0.0016956,0.0017164,0.00163,0.0016753,113453899174.0,2023-05-16,1,-0.01197216324604855,-0.01197216324604855,0.0,0.5009568805693442,0.3527993828584364,0.0024,0.3527993828584364
2023-05-16 12:00:00,0.0016753,0.0017298,0.0016467,0.0017196,161612786617.0,2023-05-16,1,0.026443025129827546,0.026443025129827546,0.0,0.5142036959511994,0.3792424079882639,0.0024,0.3792424079882639
2023-05-16 16:00:00,0.0017197,0.00175,0.0016616,0.001664,155356333630.0,2023-05-16,1,-0.03233310072109796,-0.03233310072109796,0.0,0.49757789605884845,0.34690930726716596,0.0024,0.34690930726716596
2023-05-16 20:00:00,0.0016641,0.001697,0.0016539,0.0016643,78364638228.0,2023-05-16,1,0.00018028846153850253,0.00018028846153850253,0.0,0.49766760361222445,0.34708959572870446,0.0024,0.34708959572870446
2023-05-17 00:00:00,0.0016644,0.0016911,0.00161,0.0016728,120426887103.0,2023-05-17,1,0.005107252298263365,0.005107252298263365,0.0,0.5002093176245442,0.3521968480269678,0.0024,0.3521968480269678
2023-05-17 04:00:00,0.0016727,0.0016861,0.0015574,0.0015733,116481311521.0,2023-05-17,1,-0.05948110951697749,-0.05948110951697749,0.0,0.47045631242150615,0.29271573850999033,0.0024,0.29271573850999033
2023-05-17 08:00:00,0.0015726,0.0015797,0.0015062,0.0015269,171308140158.0,2023-05-17,1,-0.02949215025742058,-0.02949215025742058,0.0,0.4565815441660191,0.26322358825256975,0.0024,0.26322358825256975
2023-05-17 12:00:00,0.001527,0.0015512,0.0014617,0.0015261,229616585858.0,2023-05-17,1,-0.0005239373894819765,-0.0005239373894819765,0.0,0.4563423240236831,0.2626996508630878,0.0024,0.2626996508630878
2023-05-17 16:00:00,0.0015264,0.0015988,0.0014896,0.0015804,191629138799.0,2023-05-17,1,0.0355808924710046,0.0355808924710046,0.0,0.4725793911847381,0.2982805433340924,0.0024,0.2982805433340924
2023-05-17 20:00:00,0.0015803,0.0016464,0.001561,0.0015735,136471267938.0,2023-05-17,1,-0.004365983295368303,-0.004365983295368303,0.0,0.4705161174570902,0.29391456003872407,0.0024,0.29391456003872407
2023-05-18 00:00:00,0.0015736,0.0015896,0.0015373,0.0015752,87956451244.0,2023-05-18,1,0.0010803940260564193,0.0010803940260564193,0.0,0.47102446025955413,0.2949949540647805,0.0024,0.2949949540647805
2023-05-18 04:00:00,0.0015751,0.0016122,0.001501,0.0015727,119521180327.0,2023-05-18,1,-0.0015871000507871047,-0.0015871000507871047,0.0,0.47027689731475425,0.2934078540139934,0.0024,0.2934078540139934
2023-05-18 08:00:00,0.0015726,0.0016341,0.0015636,0.0016264,129478250019.0,2023-05-18,1,0.03414510078209454,0.03414510078209454,0.0,0.48633454936905723,0.3275529547960879,0.0024,0.3275529547960879
2023-05-18 12:00:00,0.0016263,0.00164,0.00155,0.0015586,154181632924.0,2023-05-18,1,-0.04168716182980814,-0.04168716182980814,0.0,0.4660606423060825,0.2858657929662798,0.0024,0.2858657929662798
2023-05-18 16:00:00,0.0015586,0.0015981,0.0014938,0.0015748,175645088957.0,2023-05-18,1,0.010393943282432927,0.010393943282432927,0.0,0.4709048501883862,0.2962597362487127,0.0024,0.2962597362487127
2023-05-18 20:00:00,0.0015747,0.0016112,0.0015703,0.0015789,80299662093.0,2023-05-18,1,0.0026035052070105813,0.0026035052070105813,0.0,0.4721308534178582,0.2988632414557233,0.0024,0.2988632414557233
2023-05-19 00:00:00,0.001579,0.001579,0.00152,0.001545,73275436274.0,2023-05-19,1,-0.021470644119323645,-0.021470644119323645,0.0,0.4619938998863708,0.27739259733639965,0.0024,0.27739259733639965
2023-05-19 04:00:00,0.001545,0.0015484,0.0015058,0.001513,69795380308.0,2023-05-19,1,-0.02071197411003234,-0.02071197411003234,0.0,0.4524250941929314,0.2566806232263673,0.0024,0.2566806232263673
2023-05-19 08:00:00,0.0015129,0.0015509,0.001491,0.0015246,94419767798.0,2023-05-19,1,0.007666886979510901,0.007666886979510901,0.0,0.4558937862568032,0.2643475102058782,0.0024,0.2643475102058782
2023-05-19 12:00:00,0.0015246,0.0015434,0.0014738,0.001512,151077943515.0,2023-05-19,1,-0.008264462809917328,-0.008264462809917328,0.0,0.45212606901501146,0.2560830473959609,0.0024,0.2560830473959609
2023-05-19 16:00:00,0.0015121,0.001532,0.0014975,0.0015129,68839883942.0,2023-05-19,1,0.0005952380952380931,0.0005952380952380931,0.0,0.4523951916751394,0.256678285491199,0.0024,0.256678285491199
2023-05-19 20:00:00,0.0015129,0.0015375,0.0015006,0.001523,41538127236.0,2023-05-19,1,0.006675920417740899,0.006675920417740899,0.0,0.4554153459721313,0.2633542059089399,0.0024,0.2633542059089399
2023-05-20 00:00:00,0.0015229,0.0015242,0.0014983,0.0015093,36775449571.0,2023-05-20,1,-0.008995403808273128,-0.008995403808273128,0.0,0.45131870103462757,0.25435880210066675,0.0024,0.25435880210066675
2023-05-20 04:00:00,0.0015092,0.0015346,0.0015042,0.0015289,34714057162.0,2023-05-20,1,0.012986152521036187,0.012986152521036187,0.0,0.4571795945218592,0.26734495462170293,0.0024,0.26734495462170293
2023-05-20 08:00:00,0.0015289,0.0016222,0.0015231,0.001585,162310571365.0,2023-05-20,1,0.03669304728890066,0.03669304728890066,0.0,0.4739549070031702,0.3040380019106036,0.0024,0.3040380019106036
2023-05-20 12:00:00,0.0015849,0.0015976,0.0015593,0.0015754,78527954635.0,2023-05-20,1,-0.0060567823343848914,-0.0060567823343848914,0.0,0.47108426529513836,0.2979812195762187,0.0024,0.2979812195762187
2023-05-20 16:00:00,0.0015754,0.0019319,0.0015654,0.00175,429819959665.0,2023-05-20,-1,0.1108289958105877,0.10962899581058769,0.0012,0.523294061359967,0.4076102153868064,0.0036,0.4076102153868064
2023-05-20 20:00:00,0.00175,0.0018043,0.0017004,0.0017145,167312541160.0,2023-05-20,-1,-0.02028571428571424,0.02028571428571424,0.0,0.5126786675438078,0.42789592967252066,0.0036,0.42789592967252066
2023-05-21 00:00:00,0.0017145,0.0017581,0.001655,0.0016949,114637298993.0,2023-05-21,-1,-0.011431904345290178,0.011431904345290178,0.0,0.5068177740565761,0.43932783401781084,0.0036,0.43932783401781084
2023-05-21 04:00:00,0.001695,0.0017339,0.001684,0.0017172,93491373996.0,2023-05-21,-1,0.01315711841406575,-0.01315711841406575,0.0,0.5134860355241917,0.4261707156037451,0.0036,0.4261707156037451
2023-05-21 08:00:00,0.0017172,0.0017176,0.0016715,0.0016977,102927071979.0,2023-05-21,-1,-0.011355695317959547,0.011355695317959547,0.0,0.5076550445547521,0.43752641092170463,0.0036,0.43752641092170463
2023-05-21 12:00:00,0.0016977,0.001746,0.0015992,0.0016267,203964707604.0,2023-05-21,-1,-0.041821287624432935,0.041821287624432935,0.0,0.48642425692243346,0.47934769854613757,0.0036,0.47934769854613757
2023-05-21 16:00:00,0.0016267,0.00164,0.0015628,0.0016007,125320153312.0,2023-05-21,-1,-0.015983279031167363,0.015983279031167363,0.0,0.478649602296514,0.49533097757730493,0.0036,0.49533097757730493
2023-05-21 20:00:00,0.0016006,0.0016175,0.001582,0.0015964,61865038656.0,2023-05-21,-1,-0.0026863247329294015,0.0026863247329294015,0.0,0.47736379403145807,0.49801730231023433,0.0036,0.49801730231023433
2023-05-22 00:00:00,0.0015963,0.001599,0.0015173,0.0015419,113590878929.0,2023-05-22,-1,-0.034139313455274434,0.034139313455274434,0.0,0.46106692183481907,0.5321566157655088,0.0036,0.5321566157655088
2023-05-22 04:00:00,0.0015419,0.0015772,0.0015351,0.0015656,75649165411.0,2023-05-22,1,0.015370646604838223,-0.016570646604838223,0.0012,0.46815381855152266,0.5155859691606706,0.0048,0.5155859691606706
2023-05-22 08:00:00,0.0015656,0.0015968,0.0015543,0.0015822,86000002118.0,2023-05-22,1,0.010602963719979375,0.010602963719979375,0.0,0.4731176365049943,0.5261889328806499,0.0048,0.5261889328806499
2023-05-22 12:00:00,0.0015823,0.001587,0.0015066,0.00153,127397329540.0,2023-05-22,1,-0.0329920364050057,-0.0329920364050057,0.0,0.45750852221757127,0.49319689647564424,0.0048,0.49319689647564424
2023-05-22 16:00:00,0.00153,0.0015514,0.0015109,0.00154,71522973238.0,2023-05-22,1,0.006535947712418277,0.006535947712418277,0.0,0.4604987739967711,0.4997328441880625,0.0048,0.4997328441880625
2023-05-22 20:00:00,0.0015401,0.0015524,0.0015113,0.0015302,40770931900.0,2023-05-22,1,-0.006363636363636349,-0.006363636363636349,0.0,0.45756832725315527,0.49336920782442617,0.0048,0.49336920782442617
2023-05-23 00:00:00,0.0015303,0.0016754,0.001516,0.0016183,125013262222.0,2023-05-23,1,0.05757417331067827,0.05757417331067827,0.0,0.48391244542790557,0.5509433811351044,0.0048,0.5509433811351044
2023-05-23 04:00:00,0.0016183,0.0016254,0.0015525,0.0015723,94531591540.0,2023-05-23,1,-0.02842489031699935,-0.02842489031699935,0.0,0.4701572872435864,0.5225184908181051,0.0048,0.5225184908181051
2023-05-23 08:00:00,0.0015723,0.0016022,0.0015635,0.0015928,65532641933.0,2023-05-23,1,0.013038224257457154,0.013038224257457154,0.0,0.476287303390946,0.5355567150755622,0.0048,0.5355567150755622
2023-05-23 12:00:00,0.0015928,0.00163,0.0015717,0.0016056,104335449832.0,2023-05-23,1,0.008036162732295349,0.008036162732295349,0.0,0.48011482566832175,0.5435928778078576,0.0048,0.5435928778078576
2023-05-23 16:00:00,0.0016058,0.0016199,0.0015733,0.0015848,65838789482.0,2023-05-23,1,-0.012954658694569021,-0.012954658694569021,0.0,0.47389510196758616,0.5306382191132886,0.0048,0.5306382191132886
2023-05-23 20:00:00,0.0015848,0.00161,0.0015779,0.0015916,33601444170.0,2023-05-23,1,0.004290762241292434,0.004290762241292434,0.0,0.47592847317744214,0.534928981354581,0.0048,0.534928981354581
2023-05-24 00:00:00,0.0015917,0.0015953,0.0015262,0.0015442,72430129696.0,2023-05-24,1,-0.02978135209851729,-0.02978135209851729,0.0,0.461754679744035,0.5051476292560637,0.0048,0.5051476292560637
2023-05-24 04:00:00,0.0015441,0.0015475,0.0014499,0.0014788,119187048098.0,2023-05-24,1,-0.042352026939515564,-0.042352026939515564,0.0,0.4421984331080682,0.46279560231654815,0.0048,0.46279560231654815
2023-05-24 08:00:00,0.0014788,0.0015122,0.001463,0.0014845,73299974390.0,2023-05-24,1,0.0038544766026507027,0.0038544766026507027,0.0,0.44390287662221206,0.46665007891919885,0.0048,0.46665007891919885
2023-05-24 12:00:00,0.0014846,0.0014895,0.0012929,0.0013831,217679709999.0,2023-05-24,1,-0.06830582687773656,-0.06830582687773656,0.0,0.413581723581126,0.3983442520414623,0.0048,0.3983442520414623
2023-05-24 16:00:00,0.001383,0.001495,0.0013707,0.0014295,136771164129.0,2023-05-24,1,0.03354782734437145,0.03354782734437145,0.0,0.42745649183661316,0.43189207938583374,0.0048,0.43189207938583374
2023-05-24 20:00:00,0.0014295,0.0014792,0.0014235,0.0014333,58979289807.0,2023-05-24,1,0.0026582721231198647,0.0026582721231198647,0.0,0.428592787512709,0.4345503515089536,0.0048,0.4345503515089536
2023-05-25 00:00:00,0.0014333,0.001445,0.0013433,0.0014112,97843043703.0,2023-05-25,1,-0.015418963231702998,-0.015418963231702998,0.0,0.42198433108067746,0.4191313882772506,0.0048,0.4191313882772506
2023-05-25 04:00:00,0.0014112,0.0014352,0.0013662,0.0013797,57604060274.0,2023-05-25,1,-0.022321428571428603,-0.022321428571428603,0.0,0.41256503797619803,0.396809959705822,0.0048,0.396809959705822
2023-05-25 08:00:00,0.0013798,0.001457,0.0013789,0.0014427,80302397503.0,2023-05-25,1,0.04566210045662111,0.04566210045662111,0.0,0.4314036241851569,0.4424720601624431,0.0048,0.4424720601624431
2023-05-25 12:00:00,0.0014426,0.001475,0.0014009,0.0014144,90446280243.0,2023-05-25,1,-0.01961599778193679,-0.01961599778193679,0.0,0.42294121165002135,0.4228560623805063,0.0048,0.4228560623805063
2023-05-25 16:00:00,0.0014145,0.0014637,0.0014092,0.0014447,75252278749.0,2023-05-25,1,0.021422511312217285,0.021422511312217285,0.0,0.4320016745409968,0.4442785736927236,0.0048,0.4442785736927236
2023-05-25 20:00:00,0.0014448,0.0014477,0.0014146,0.0014289,34235178516.0,2023-05-25,1,-0.010936526614521935,-0.010936526614521935,0.0,0.42727707672986115,0.4333420470782017,0.0048,0.4333420470782017
2023-05-26 00:00:00,0.0014287,0.0014688,0.0014089,0.0014384,67966016047.0,2023-05-26,1,0.006648470851704058,0.006648470851704058,0.0,0.43011781592010095,0.43999051792990573,0.0048,0.43999051792990573
2023-05-26 04:00:00,0.0014384,0.0014849,0.00138,0.001456,106351264060.0,2023-05-26,1,0.012235817575083408,0.012235817575083408,0.0,0.4353806590514926,0.45222633550498914,0.0048,0.45222633550498914
2023-05-26 08:00:00,0.001456,0.0014644,0.0014311,0.0014427,53078035225.0,2023-05-26,1,-0.009134615384615352,-0.009134615384615352,0.0,0.4314036241851569,0.4430917201203738,0.0048,0.4430917201203738
2023-05-26 12:00:00,0.0014426,0.0014725,0.001418,0.0014565,83919651307.0,2023-05-26,1,0.009565398211686338,0.009565398211686338,0.0,0.4355301716404526,0.4526571183320601,0.0048,0.4526571183320601
2023-05-26 16:00:00,0.0014565,0.0014897,0.0014411,0.001462,64946327880.0,2023-05-26,1,0.003776175763817502,0.003776175763817502,0.0,0.43717481011901255,0.45643329409587763,0.0048,0.45643329409587763
2023-05-26 20:00:00,0.001462,0.0014699,0.001444,0.0014518,27516816534.0,2023-05-26,1,-0.006976744186046435,-0.006976744186046435,0.0,0.4341247533042288,0.4494565499098312,0.0048,0.4494565499098312
2023-05-27 00:00:00,0.0014518,0.0014655,0.0014347,0.0014625,32284729387.0,2023-05-27,-1,0.007370161179225843,0.006170161179225843,0.0012,0.4373243227079726,0.45562671108905706,0.005999999999999999,0.45562671108905706
2023-05-27 04:00:00,0.0014626,0.0015377,0.0014548,0.0014956,71950918899.0,2023-05-27,-1,0.022632478632478525,-0.022632478632478525,0.0,0.44722205609712395,0.43299423245657853,0.005999999999999999,0.43299423245657853
2023-05-27 08:00:00,0.0014956,0.0015162,0.0014819,0.0015055,54971627927.0,2023-05-27,-1,0.006619416956405333,-0.006619416956405333,0.0,0.4501824053585317,0.4263748155001732,0.005999999999999999,0.4263748155001732
2023-05-27 12:00:00,0.0015055,0.0015248,0.0014801,0.0014879,62441980376.0,2023-05-27,-1,-0.011690468282962496,0.011690468282962496,0.0,0.44491956222714,0.4380652837831357,0.005999999999999999,0.4380652837831357
2023-05-27 16:00:00,0.0014879,0.001509,0.0014826,0.0015014,39439630027.0,2023-05-27,-1,0.009073190402580922,-0.009073190402580922,0.0,0.4489564021290598,0.4289920933805548,0.005999999999999999,0.4289920933805548
2023-05-27 20:00:00,0.0015013,0.0015238,0.0014885,0.0015131,29709101749.0,2023-05-27,-1,0.007792726788330873,-0.007792726788330873,0.0,0.4524549967107236,0.4211993665922239,0.005999999999999999,0.4211993665922239
2023-05-28 00:00:00,0.0015129,0.0015448,0.0014945,0.0015224,47070779759.0,2023-05-28,-1,0.006146322120150538,-0.006146322120150538,0.0,0.45523593086537933,0.41505304447207336,0.005999999999999999,0.41505304447207336
2023-05-28 04:00:00,0.0015225,0.0015271,0.0014085,0.0014684,66577732055.0,2023-05-28,-1,-0.035470310036784025,0.035470310036784025,0.0,0.43908857125770034,0.4505233545088574,0.005999999999999999,0.4505233545088574
2023-05-28 08:00:00,0.0014683,0.0014745,0.00145,0.0014543,37481605100.0,2023-05-28,-1,-0.009602288204848763,0.009602288204848763,0.0,0.4348723162490286,0.46012564271370615,0.005999999999999999,0.46012564271370615
2023-05-28 12:00:00,0.0014543,0.001462,0.001425,0.0014592,37874935622.0,2023-05-28,-1,0.0033693185725089947,-0.0033693185725089947,0.0,0.4363375396208365,0.45675632414119716,0.005999999999999999,0.45675632414119716
2023-05-28 16:00:00,0.0014592,0.0014822,0.0014404,0.0014595,45003916501.0,2023-05-28,-1,0.00020559210526327476,-0.00020559210526327476,0.0,0.43642724717421255,0.4565507320359339,0.005999999999999999,0.4565507320359339
2023-05-28 20:00:00,0.0014596,0.0015204,0.0014594,0.0014951,58107276182.0,2023-05-28,1,0.024391915039396972,-0.02559191503939697,0.0012,0.44707254350816383,0.43095881699653693,0.007199999999999999,0.43095881699653693
2023-05-29 00:00:00,0.0014951,0.0015162,0.00144,0.001456,56398041592.0,2023-05-29,1,-0.026152096849709094,-0.026152096849709094,0.0,0.43538065905149254,0.40480672014682784,0.007199999999999999,0.40480672014682784
2023-05-29 04:00:00,0.0014561,0.0014619,0.0014306,0.0014538,37224778742.0,2023-05-29,1,-0.0015109890109890056,-0.0015109890109890056,0.0,0.4347228036600686,0.40329573113583883,0.007199999999999999,0.40329573113583883
2023-05-29 08:00:00,0.0014537,0.0014615,0.0014428,0.0014572,28946789873.0,2023-05-29,1,0.002338698583023824,0.002338698583023824,0.0,0.43573948926499656,0.40563442971886265,0.007199999999999999,0.40563442971886265
2023-05-29 12:00:00,0.0014573,0.0014717,0.0014165,0.0014304,51057500300.0,2023-05-29,1,-0.01839143562997525,-0.01839143562997525,0.0,0.42772561449674107,0.3872429940888874,0.007199999999999999,0.3872429940888874
2023-05-29 16:00:00,0.0014304,0.0014458,0.0014208,0.0014367,33120840793.0,2023-05-29,1,0.004404362416107199,0.004404362416107199,0.0,0.42960947311763686,0.3916473565049946,0.007199999999999999,0.3916473565049946
2023-05-29 20:00:00,0.0014367,0.001448,0.0014202,0.0014358,20813494154.0,2023-05-29,1,-0.0006264355815409628,-0.0006264355815409628,0.0,0.4293403504575089,0.39102092092345364,0.007199999999999999,0.39102092092345364
2023-05-30 00:00:00,0.0014358,0.001442,0.0014182,0.001433,19847249347.0,2023-05-30,1,-0.0019501323304081941,-0.0019501323304081941,0.0,0.42850307995933296,0.38907078859304545,0.007199999999999999,0.38907078859304545
2023-05-30 04:00:00,0.001433,0.001435,0.00132,0.0013559,69577881620.0,2023-05-30,1,-0.05380321004884858,-0.05380321004884858,0.0,0.4054482387417024,0.33526757854419686,0.007199999999999999,0.33526757854419686
2023-05-30 08:00:00,0.0013558,0.0013883,0.001355,0.0013781,35977861442.0,2023-05-30,1,0.016372888856110324,0.016372888856110324,0.0,0.41208659769152595,0.3516404674003072,0.007199999999999999,0.3516404674003072
2023-05-30 12:00:00,0.0013782,0.001379,0.0013467,0.0013547,40248241542.0,2023-05-30,1,-0.016979899862129,-0.016979899862129,0.0,0.4050894085281984,0.3346605675381782,0.007199999999999999,0.3346605675381782
2023-05-30 16:00:00,0.0013546,0.0013713,0.00128,0.0013154,56227490741.0,2023-05-30,1,-0.029010112940134336,-0.029010112940134336,0.0,0.39333771903594317,0.30565045459804385,0.007199999999999999,0.30565045459804385
2023-05-30 20:00:00,0.0013154,0.0013176,0.001229,0.0012935,74389778982.0,2023-05-30,1,-0.016648928082712566,-0.016648928082712566,0.0,0.38678906763949555,0.2890015265153313,0.007199999999999999,0.2890015265153313
2023-05-31 00:00:00,0.0012934,0.0013204,0.0012599,0.0013034,53754441872.0,2023-05-31,1,0.007653652879783479,0.007653652879783479,0.0,0.38974941690090337,0.29665517939511477,0.007199999999999999,0.29665517939511477
2023-05-31 04:00:00,0.0013035,0.0013085,0.00125,0.0012623,58883581392.0,2023-05-31,1,-0.031532913917446614,-0.031532913917446614,0.0,0.3774594820883922,0.26512226547766815,0.007199999999999999,0.26512226547766815
2023-05-31 08:00:00,0.0012624,0.0012664,0.00123,0.0012484,52326007474.0,2023-05-31,1,-0.011011645409173765,-0.011011645409173765,0.0,0.37330303211530447,0.2541106200684944,0.007199999999999999,0.2541106200684944
2023-05-31 12:00:00,0.0012483,0.001257,0.0012041,0.0012259,78456064719.0,2023-05-31,1,-0.018023069528997127,-0.018023069528997127,0.0,0.3665749656121049,0.23608755053949726,0.007199999999999999,0.23608755053949726
2023-05-31 16:00:00,0.0012259,0.001243,0.0011888,0.0012204,81062310751.0,2023-05-31,1,-0.004486499714495551,-0.004486499714495551,0.0,0.36493032713354495,0.2316010508250017,0.007199999999999999,0.2316010508250017
2023-05-31 20:00:00,0.0012204,0.0012878,0.0012197,0.0012636,47309609478.0,2023-05-31,1,0.03539823008849563,0.03539823008849563,0.0,0.37784821481968817,0.26699928091349734,0.007199999999999999,0.26699928091349734
2023-06-01 00:00:00,0.0012636,0.0012879,0.001222,0.001231,64279438612.0,2023-06-01,1,-0.025799303577081156,-0.025799303577081156,0.0,0.36809999401949683,0.24119997733641618,0.007199999999999999,0.24119997733641618
2023-06-01 04:00:00,0.0012312,0.0012777,0.0012144,0.0012542,43099528509.0,2023-06-01,1,0.018846466287570918,0.018846466287570918,0.0,0.37503737814724036,0.2600464436239871,0.007199999999999999,0.2600464436239871
2023-06-01 08:00:00,0.0012542,0.0013279,0.0012407,0.001303,92820261443.0,2023-06-01,1,0.03890926487003665,0.03890926487003665,0.0,0.3896298068297354,0.29895570849402375,0.007199999999999999,0.29895570849402375
2023-06-01 12:00:00,0.0013031,0.0013191,0.0012633,0.0012851,71948456072.0,2023-06-01,1,-0.013737528779738994,-0.013737528779738994,0.0,0.38427725614496777,0.28521817971428476,0.007199999999999999,0.28521817971428476
2023-06-01 16:00:00,0.0012851,0.0013067,0.0012622,0.0012749,58540142635.0,2023-06-01,1,-0.007937125515524057,-0.007937125515524057,0.0,0.38122719933018395,0.2772810541987607,0.007199999999999999,0.2772810541987607
2023-06-01 20:00:00,0.0012748,0.0012813,0.0012258,0.0012454,44457625337.0,2023-06-01,1,-0.02313906973095925,-0.02313906973095925,0.0,0.3724059565815445,0.25414198446780145,0.007199999999999999,0.25414198446780145
2023-06-02 00:00:00,0.0012455,0.0012651,0.0012301,0.0012628,40490427551.0,2023-06-02,1,0.01397141480648778,0.01397141480648778,0.0,0.37760899467735215,0.26811339927428923,0.007199999999999999,0.26811339927428923
2023-06-02 04:00:00,0.0012629,0.0012873,0.0012592,0.0012632,33272351020.0,2023-06-02,1,0.0003167564143173873,0.0003167564143173873,0.0,0.37772860474852016,0.2684301556886066,0.007199999999999999,0.2684301556886066
2023-06-02 08:00:00,0.0012632,0.0012815,0.0012623,0.0012754,23748852684.0,2023-06-02,1,0.009658011399620081,0.009658011399620081,0.0,0.38137671191914396,0.2780881670882267,0.007199999999999999,0.2780881670882267
2023-06-02 12:00:00,0.0012753,0.0012804,0.001242,0.0012621,49328138618.0,2023-06-02,1,-0.01042810098792546,-0.01042810098792546,0.0,0.3773996770528082,0.26766006610030124,0.007199999999999999,0.26766006610030124
2023-06-02 16:00:00,0.0012622,0.0012656,0.0012419,0.0012634,30041676367.0,2023-06-02,1,0.0010300293162190943,0.0010300293162190943,0.0,0.3777884097841042,0.26869009541652034,0.007199999999999999,0.26869009541652034
2023-06-02 20:00:00,0.0012634,0.0013064,0.0012506,0.0012821,38517358728.0,2023-06-02,-1,0.014801329745132152,0.013601329745132153,0.0012,0.3833801806112079,0.2822914251616525,0.0084,0.2822914251616525
2023-06-03 00:00:00,0.0012822,0.0013049,0.0012638,0.0012757,35158512700.0,2023-06-03,-1,-0.0049918103112081,0.0049918103112081,0.0,0.38146641947252,0.2872832354728606,0.0084,0.2872832354728606
2023-06-03 04:00:00,0.0012758,0.001305,0.0012732,0.0012937,33886632379.0,2023-06-03,-1,0.014109900446813484,-0.014109900446813484,0.0,0.38684887267507967,0.2731733350260471,0.0084,0.2731733350260471
2023-06-03 08:00:00,0.0012936,0.0013449,0.0012936,0.0013225,55049104942.0,2023-06-03,-1,0.02226172992192943,-0.02226172992192943,0.0,0.39546079779917515,0.2509116051041177,0.0084,0.2509116051041177
2023-06-03 12:00:00,0.0013225,0.0013363,0.0012972,0.0013173,49046630949.0,2023-06-03,-1,-0.003931947069943376,0.003931947069943376,0.0,0.3939058668739912,0.25484355217406107,0.0084,0.25484355217406107
2023-06-03 16:00:00,0.0013173,0.0013275,0.0012767,0.0012922,42893207760.0,2023-06-03,-1,-0.01905412586350863,0.01905412586350863,0.0,0.3864003349081997,0.2738976780375697,0.0084,0.2738976780375697
2023-06-03 20:00:00,0.0012924,0.0013002,0.001266,0.0012949,25636634181.0,2023-06-03,-1,0.0020894598359386674,-0.0020894598359386674,0.0,0.38720770288858364,0.27180821820163104,0.0084,0.27180821820163104
2023-06-04 00:00:00,0.0012948,0.0012972,0.001253,0.0012736,27224920938.0,2023-06-04,-1,-0.01644914665225128,0.01644914665225128,0.0,0.380838466598888,0.2882573648538823,0.0084,0.2882573648538823
2023-06-04 04:00:00,0.0012735,0.001281,0.0012632,0.0012772,20079491321.0,2023-06-04,-1,0.0028266331658293176,-0.0028266331658293176,0.0,0.3819149572394,0.285430731688053,0.0084,0.285430731688053
2023-06-04 08:00:00,0.0012771,0.0012927,0.0012765,0.0012839,22216546304.0,2023-06-04,-1,0.005245850297525667,-0.005245850297525667,0.0,0.3839184259314638,0.28018488139052733,0.0084,0.28018488139052733
2023-06-04 12:00:00,0.0012839,0.0012873,0.001252,0.0012553,34752156212.0,2023-06-04,1,-0.02227587818365917,0.02107587818365917,0.0012,0.37536630584295233,0.3012607595741865,0.0096,0.3012607595741865
2023-06-04 16:00:00,0.0012553,0.0012649,0.001205,0.0012595,46294186706.0,2023-06-04,1,0.003345813749701332,0.003345813749701332,0.0,0.37662221159021625,0.30460657332388785,0.0096,0.30460657332388785
2023-06-04 20:00:00,0.0012595,0.0012675,0.001225,0.0012384,31784278159.0,2023-06-04,1,-0.01675267963477578,-0.01675267963477578,0.0,0.3703127803361046,0.2878538936891121,0.0096,0.2878538936891121
2023-06-05 00:00:00,0.0012384,0.0012413,0.001163,0.0011958,58399859114.0,2023-06-05,1,-0.03439922480620161,-0.03439922480620161,0.0,0.3575743077567134,0.25345466888291046,0.0096,0.25345466888291046
2023-06-05 04:00:00,0.0011957,0.0011996,0.0011837,0.0011949,28826535400.0,2023-06-05,1,-0.0007526342197691216,-0.0007526342197691216,0.0,0.35730518509658543,0.25270203466314134,0.0096,0.25270203466314134
2023-06-05 08:00:00,0.0011949,0.001197,0.00115,0.0011725,48909329082.0,2023-06-05,1,-0.018746338605741153,-0.018746338605741153,0.0,0.3506070211111778,0.2339556960574002,0.0096,0.2339556960574002
2023-06-05 12:00:00,0.0011725,0.0011807,0.000985,0.0010029,113214099250.0,2023-06-05,1,-0.14464818763326226,-0.14464818763326226,0.0,0.299892350935949,0.08930750842413793,0.0096,0.08930750842413793
2023-06-05 16:00:00,0.0010028,0.0010484,0.00093,0.0010239,211571118552.0,2023-06-05,1,0.0209392760993119,0.0209392760993119,0.0,0.3061718796722686,0.11024678452344983,0.0096,0.11024678452344983
2023-06-05 20:00:00,0.0010239,0.0010489,0.0010017,0.0010333,54488970418.0,2023-06-05,1,0.009180584041410311,0.009180584041410311,0.0,0.3089827163447164,0.11942736856486014,0.0096,0.11942736856486014
2023-06-06 00:00:00,0.0010335,0.0010431,0.0010021,0.0010163,50744315509.0,2023-06-06,1,-0.016452143617536108,-0.016452143617536108,0.0,0.30389928832007673,0.10297522494732403,0.0096,0.10297522494732403
2023-06-06 04:00:00,0.0010161,0.0010264,0.0010058,0.0010063,17802589730.0,2023-06-06,1,-0.009839614287119991,-0.009839614287119991,0.0,0.3009090365408769,0.09313561066020404,0.0096,0.09313561066020404
2023-06-06 08:00:00,0.0010066,0.00103,0.0009766,0.0010136,69611314325.0,2023-06-06,1,0.007254297923084518,0.007254297923084518,0.0,0.3030919203396928,0.10038990858328856,0.0096,0.10038990858328856
2023-06-06 12:00:00,0.0010135,0.0012125,0.0009633,0.001202,345153152406.0,2023-06-06,1,0.1858721389108129,0.1858721389108129,0.0,0.3594282638598172,0.28626204749410145,0.0096,0.28626204749410145
2023-06-06 16:00:00,0.001202,0.0012635,0.001164,0.0012377,237397340696.0,2023-06-06,1,0.029700499168053396,0.029700499168053396,0.0,0.3701034627115606,0.31596254666215484,0.0096,0.31596254666215484
2023-06-06 20:00:00,0.0012378,0.0012459,0.0011821,0.0012066,126432695818.0,2023-06-06,1,-0.025127252161266878,-0.025127252161266878,0.0,0.36080377967824917,0.29083529450088796,0.0096,0.29083529450088796
2023-06-07 00:00:00,0.0012065,0.001219,0.0011226,0.0011486,133796056187.0,2023-06-07,1,-0.04806895408586098,-0.04806895408586098,0.0,0.3434603193588903,0.24276634041502698,0.0096,0.24276634041502698
2023-06-07 04:00:00,0.0011486,0.0011813,0.0011415,0.0011501,65097589299.0,2023-06-07,-1,0.0013059376632422737,0.00010593766324227378,0.0012,0.3439088571257703,0.24287227807826925,0.010799999999999999,0.24287227807826925
2023-06-07 08:00:00,0.0011502,0.0011564,0.001095,0.0011424,115299499348.0,2023-06-07,-1,-0.0066950699939135605,0.0066950699939135605,0.0,0.34160636325578647,0.2495673480721828,0.010799999999999999,0.2495673480721828
2023-06-07 12:00:00,0.0011422,0.0011535,0.0010614,0.001073,173266056180.0,2023-06-07,-1,-0.06074929971988796,0.06074929971988796,0.0,0.3208540159081398,0.3103166477920708,0.010799999999999999,0.3103166477920708
2023-06-07 16:00:00,0.001073,0.0011006,0.0010654,0.0010825,85372059252.0,2023-06-07,1,0.008853681267474434,-0.010053681267474433,0.0012,0.32369475509837964,0.3002629665245964,0.011999999999999999,0.3002629665245964
2023-06-07 20:00:00,0.0010825,0.0010875,0.0010367,0.0010728,62293103232.0,2023-06-07,1,-0.008960739030022924,-0.008960739030022924,0.0,0.3207942108725559,0.29130222749457346,0.011999999999999999,0.29130222749457346
2023-06-08 00:00:00,0.0010728,0.0010855,0.0010312,0.001047,56670364389.0,2023-06-08,1,-0.024049217002237167,-0.024049217002237167,0.0,0.31307936128222036,0.2672530104923363,0.011999999999999999,0.2672530104923363
2023-06-08 04:00:00,0.0010469,0.0011019,0.0010384,0.0010849,72668398995.0,2023-06-08,1,0.036198662846227414,0.036198662846227414,0.0,0.3244124155253877,0.3034516733385637,0.011999999999999999,0.3034516733385637
2023-06-08 08:00:00,0.0010848,0.0011078,0.0010792,0.0010945,60422467797.0,2023-06-08,1,0.008848741819522443,0.008848741819522443,0.0,0.3272830572334195,0.31230041515808615,0.011999999999999999,0.31230041515808615
2023-06-08 12:00:00,0.0010945,0.0011334,0.0010852,0.0011147,101323855189.0,2023-06-08,1,0.018455915943353052,0.018455915943353052,0.0,0.3333233658274031,0.3307563311014392,0.011999999999999999,0.3307563311014392
2023-06-08 16:00:00,0.0011148,0.0011208,0.00107,0.0010865,57177936523.0,2023-06-08,1,-0.025298286534493508,-0.025298286534493508,0.0,0.3248908558100596,0.3054580445669457,0.011999999999999999,0.3054580445669457
2023-06-08 20:00:00,0.0010865,0.0011025,0.0010803,0.0010833,30535353998.0,2023-06-08,1,-0.0029452369995398575,-0.0029452369995398575,0.0,0.32393397524071565,0.30251280756740584,0.011999999999999999,0.30251280756740584
2023-06-09 00:00:00,0.0010833,0.001095,0.0010538,0.0010734,51135517198.0,2023-06-09,1,-0.00913874273054549,-0.00913874273054549,0.0,0.32097362597930784,0.29337406483686035,0.011999999999999999,0.29337406483686035
2023-06-09 04:00:00,0.0010733,0.0010962,0.0010691,0.0010925,46013854030.0,2023-06-09,1,0.017793925843115233,0.017793925843115233,0.0,0.32668500687757945,0.3111679906799756,0.011999999999999999,0.3111679906799756
2023-06-09 08:00:00,0.0010926,0.0011875,0.0010912,0.0011714,157113298499.0,2023-06-09,1,0.07221967963386722,0.07221967963386722,0.0,0.35027809341546595,0.3833876703138428,0.011999999999999999,0.3833876703138428
2023-06-09 12:00:00,0.0011713,0.0011963,0.0011393,0.0011494,162007527999.0,2023-06-09,1,-0.018780945876728627,-0.018780945876728627,0.0,0.3436995395012264,0.36460672443711417,0.011999999999999999,0.36460672443711417
2023-06-09 16:00:00,0.0011494,0.0011873,0.00113,0.001139,104429501101.0,2023-06-09,-1,-0.009048199060379347,-0.010248199060379347,0.0012,0.34058967765085857,0.35435852537673485,0.013199999999999998,0.35435852537673485
2023-06-09 20:00:00,0.0011391,0.0011654,0.00112,0.0011337,74836412983.0,2023-06-09,-1,-0.004653204565408187,0.004653204565408187,0.0,0.3390048442078827,0.35901172994214303,0.013199999999999998,0.35901172994214303
2023-06-10 00:00:00,0.0011338,0.0011375,0.0010375,0.0010525,136406247073.0,2023-06-10,-1,-0.07162388638969741,0.07162388638969741,0.0,0.31472399976078025,0.43063561633184044,0.013199999999999998,0.43063561633184044
2023-06-10 04:00:00,0.0010523,0.0010645,0.000803,0.0009259,244244508017.0,2023-06-10,1,-0.1202850356294537,0.11908503562945369,0.0012,0.2768674122361106,0.5497206519612942,0.014399999999999998,0.5497206519612942
2023-06-10 08:00:00,0.0009257,0.000963,0.000918,0.0009426,40995578620.0,2023-06-10,1,0.018036505022140714,0.018036505022140714,0.0,0.28186113270737434,0.5677571569834349,0.014399999999999998,0.5677571569834349
2023-06-10 12:00:00,0.0009318,0.000932,0.0008809,0.0009028,79458370820.0,2023-06-10,1,-0.04222363674941654,-0.04222363674941654,0.0,0.2699599306261591,0.5255335202340183,0.014399999999999998,0.5255335202340183
